"tran.v(volt)";"r ngspice/tran.i(vamp)@tran.v(volt)";"i ngspice/tran.i(vamp)@tran.v(volt)"
3.31515e-25;-1.00459e-27;0
0.000503329;1.0125e-09;0
0.00100699;1.02128e-09;0
0.00201431;1.03758e-09;0
0.00402895;1.06986e-09;0
0.00805822;1.13685e-09;0
0.0161167;1.27764e-09;0
0.0322335;1.59779e-09;0
0.0644652;2.47714e-09;0
0.114818;5.30736e-09;0
0.16515;1.33147e-08;0
0.215451;3.81294e-08;0
0.265699;1.17425e-07;0
0.315848;3.72717e-07;0
0.36576;1.19153e-06;0
0.415034;3.76962e-06;0
0.462555;1.14565e-05;0
0.505885;3.16243e-05;0
0.541947;7.35648e-05;0
0.569632;0.000140619;0
0.59037;0.000228427;0
0.606203;0.000330782;0
0.618793;0.000442619;0
0.628923;0.000561542;0
0.637399;0.000685089;0
0.644659;0.000811903;0
0.650982;0.000941119;0
0.656566;0.00107211;0
0.661555;0.00120442;0
0.666057;0.0013377;0
0.670154;0.00147168;0
0.673908;0.00160613;0
0.677369;0.0017409;0
0.680577;0.00187583;0
0.683564;0.00201081;0
0.686357;0.00214573;0
0.688977;0.0022805;0
0.691444;0.00241504;0
0.693773;0.00254929;0
0.695978;0.00268317;0
0.698069;0.00281664;0
0.700057;0.00294964;0
0.701952;0.00308212;0
0.703759;0.00321404;0
0.705486;0.00334536;0
0.70714;0.00347602;0
0.708724;0.00360601;0
0.710245;0.00373527;0
0.711706;0.00386379;0
0.713111;0.00399152;0
0.714464;0.00411843;0
0.715767;0.0042445;0
0.717024;0.00436968;0
0.718237;0.00449397;0
0.719409;0.00461732;0
0.720541;0.00473972;0
0.721636;0.00486113;0
0.722696;0.00498153;0
0.723722;0.00510089;0
0.724715;0.0052192;0
0.725678;0.00533642;0
0.726611;0.00545254;0
0.727516;0.00556754;0
0.728394;0.00568138;0
0.729245;0.00579405;0
0.730072;0.00590552;0
0.730875;0.00601578;0
0.731655;0.00612481;0
0.732413;0.00623258;0
0.733148;0.00633908;0
0.733864;0.00644428;0
0.734559;0.00654817;0
0.735234;0.00665073;0
0.735891;0.00675193;0
0.736529;0.00685177;0
0.737149;0.00695022;0
0.737753;0.00704727;0
0.738339;0.0071429;0
0.738909;0.00723709;0
0.739463;0.00732983;0
0.740002;0.00742109;0
0.740526;0.00751087;0
0.741035;0.00759915;0
0.741529;0.0076859;0
0.74201;0.00777113;0
0.742476;0.00785481;0
0.74293;0.00793693;0
0.74337;0.00801747;0
0.743797;0.00809643;0
0.744212;0.00817378;0
0.744614;0.00824952;0
0.745004;0.00832362;0
0.745382;0.00839609;0
0.745749;0.0084669;0
0.746104;0.00853605;0
0.746447;0.00860351;0
0.74678;0.00866929;0
0.747101;0.00873337;0
0.747412;0.00879574;0
0.747712;0.00885639;0
0.748002;0.0089153;0
0.748281;0.00897248;0
0.74855;0.0090279;0
0.748809;0.00908156;0
0.749058;0.00913346;0
0.749297;0.00918357;0
0.749526;0.0092319;0
0.749746;0.00927843;0
0.749956;0.00932316;0
0.750157;0.00936609;0
0.750348;0.00940719;0
0.750531;0.00944647;0
0.750704;0.00948392;0
0.750868;0.00951953;0
0.751022;0.00955331;0
0.751168;0.00958523;0
0.751305;0.0096153;0
0.751433;0.00964351;0
0.751553;0.00966985;0
0.751663;0.00969433;0
0.751765;0.00971694;0
0.751859;0.00973767;0
0.751943;0.00975653;0
0.752019;0.0097735;0
0.752087;0.00978858;0
0.752146;0.00980178;0
0.752196;0.00981309;0
0.752238;0.00982251;0
0.752272;0.00983003;0
0.752297;0.00983566;0
0.752313;0.0098394;0
0.752322;0.00984124;0
0.752321;0.00984118;0
0.752313;0.00983923;0
0.752295;0.00983538;0
0.75227;0.00982963;0
0.752236;0.009822;0
0.752193;0.00981246;0
0.752142;0.00980104;0
0.752083;0.00978773;0
0.752015;0.00977253;0
0.751938;0.00975544;0
0.751853;0.00973648;0
0.751759;0.00971563;0
0.751657;0.00969291;0
0.751546;0.00966832;0
0.751426;0.00964186;0
0.751297;0.00961354;0
0.75116;0.00958336;0
0.751013;0.00955132;0
0.750858;0.00951744;0
0.750694;0.00948172;0
0.75052;0.00944416;0
0.750337;0.00940477;0
0.750145;0.00936355;0
0.749944;0.00932052;0
0.749733;0.00927568;0
0.749513;0.00922904;0
0.749283;0.0091806;0
0.749043;0.00913038;0
0.748793;0.00907838;0
0.748534;0.00902461;0
0.748264;0.00896908;0
0.747984;0.0089118;0
0.747694;0.00885278;0
0.747394;0.00879203;0
0.747082;0.00872956;0
0.74676;0.00866538;0
0.746427;0.0085995;0
0.746083;0.00853193;0
0.745727;0.00846268;0
0.74536;0.00839177;0
0.744981;0.0083192;0
0.74459;0.008245;0
0.744187;0.00816917;0
0.743772;0.00809172;0
0.743344;0.00801267;0
0.742903;0.00793203;0
0.742449;0.00784981;0
0.741981;0.00776604;0
0.7415;0.00768072;0
0.741004;0.00759387;0
0.740495;0.0075055;0
0.73997;0.00741563;0
0.73943;0.00732428;0
0.738875;0.00723146;0
0.738304;0.00713718;0
0.737717;0.00704147;0
0.737112;0.00694433;0
0.736491;0.0068458;0
0.735852;0.00674587;0
0.735194;0.00664459;0
0.734517;0.00654195;0
0.733821;0.00643798;0
0.733105;0.0063327;0
0.732368;0.00622612;0
0.731609;0.00611828;0
0.730828;0.00600917;0
0.730023;0.00589884;0
0.729195;0.00578729;0
0.728341;0.00567455;0
0.727462;0.00556064;0
0.726555;0.00544558;0
0.72562;0.00532939;0
0.724656;0.0052121;0
0.723661;0.00509373;0
0.722633;0.0049743;0
0.721571;0.00485384;0
0.720474;0.00473237;0
0.71934;0.00460992;0
0.718166;0.00448651;0
0.71695;0.00436217;0
0.71569;0.00423692;0
0.714384;0.00411081;0
0.713028;0.00398384;0
0.71162;0.00385607;0
0.710155;0.00372751;0
0.708631;0.0035982;0
0.707042;0.00346817;0
0.705384;0.00333746;0
0.703652;0.00320611;0
0.70184;0.00307416;0
0.699941;0.00294164;0
0.697946;0.00280862;0
0.695848;0.00267512;0
0.693637;0.00254121;0
0.6913;0.00240694;0
0.688824;0.00227238;0
0.686194;0.0021376;0
0.68339;0.00200268;0
0.68039;0.0018677;0
0.677168;0.00173278;0
0.67369;0.00159802;0
0.669917;0.00146359;0
0.665797;0.00132965;0
0.661267;0.00119643;0
0.656244;0.00106419;0
0.650618;0.000933295;0
0.644241;0.000804216;0
0.636907;0.000677601;0
0.628319;0.00055437;0
0.618041;0.000435871;0
0.605405;0.000324153;0
0.589278;0.000222668;0
0.568182;0.000135928;0
0.540017;7.03103e-05;0
0.503454;2.98708e-05;0
0.459778;1.07411e-05;0
0.412099;3.51715e-06;0
0.362766;1.10756e-06;0
0.312832;3.45144e-07;0
0.262675;1.07159e-07;0
0.212422;3.35237e-08;0
0.162119;1.02544e-08;0
0.111785;3.01284e-09;0
0.0614319;2.07581e-10;0
0.0110684;-7.38379e-10;0
-0.039297;-1.61052e-09;0
-0.0896562;-1.96484e-09;0
-0.140001;-2.65711e-09;0
-0.190324;-2.95713e-09;0
-0.240617;-3.63421e-09;0
-0.290871;-3.93137e-09;0
-0.34108;-4.6082e-09;0
-0.391234;-4.90557e-09;0
-0.441326;-5.58252e-09;0
-0.491348;-5.87982e-09;0
-0.541293;-6.55643e-09;0
-0.591151;-6.85315e-09;0
-0.640916;-7.52892e-09;0
-0.69058;-7.82457e-09;0
-0.740133;-8.499e-09;0
-0.78957;-8.79312e-09;0
-0.838881;-9.46578e-09;0
-0.888059;-9.75792e-09;0
-0.937096;-1.04284e-08;0
-0.985985;-1.07181e-08;0
-1.03472;-1.1386e-08;0
-1.08329;-1.1673e-08;0
-1.13168;-1.23379e-08;0
-1.1799;-1.26218e-08;0
-1.22793;-1.32833e-08;0
-1.27577;-1.35637e-08;0
-1.3234;-1.42215e-08;0
-1.37082;-1.4498e-08;0
-1.41803;-1.51518e-08;0
-1.46501;-1.54241e-08;0
-1.51176;-1.60736e-08;0
-1.55827;-1.63414e-08;0
-1.60453;-1.69862e-08;0
-1.65054;-1.72491e-08;0
-1.69629;-1.78889e-08;0
-1.74176;-1.81466e-08;0
-1.78696;-1.87811e-08;0
-1.83188;-1.90334e-08;0
-1.87651;-1.96622e-08;0
-1.92084;-1.99087e-08;0
-1.96486;-2.05316e-08;0
-2.00858;-2.07721e-08;0
-2.05197;-2.13888e-08;0
-2.09504;-2.16229e-08;0
-2.13778;-2.2233e-08;0
-2.18018;-2.24605e-08;0
-2.22223;-2.30639e-08;0
-2.26393;-2.32845e-08;0
-2.30528;-2.38808e-08;0
-2.34625;-2.40942e-08;0
-2.38686;-2.46831e-08;0
-2.42708;-2.4889e-08;0
-2.46692;-2.54704e-08;0
-2.50637;-2.56686e-08;0
-2.54543;-2.62421e-08;0
-2.58408;-2.64323e-08;0
-2.62232;-2.69977e-08;0
-2.66014;-2.71797e-08;0
-2.69754;-2.77367e-08;0
-2.73452;-2.79103e-08;0
-2.77106;-2.84587e-08;0
-2.80716;-2.86235e-08;0
-2.84282;-2.91631e-08;0
-2.87802;-2.93189e-08;0
-2.91277;-2.98495e-08;0
-2.94706;-2.99962e-08;0
-2.98088;-3.05174e-08;0
-3.01423;-3.06547e-08;0
-3.0471;-3.11664e-08;0
-3.07948;-3.12942e-08;0
-3.11138;-3.17962e-08;0
-3.14279;-3.19141e-08;0
-3.17369;-3.24061e-08;0
-3.2041;-3.25141e-08;0
-3.23399;-3.2996e-08;0
-3.26338;-3.30937e-08;0
-3.29224;-3.35654e-08;0
-3.32059;-3.36527e-08;0
-3.3484;-3.41138e-08;0
-3.37569;-3.41906e-08;0
-3.40244;-3.46411e-08;0
-3.42865;-3.4707e-08;0
-3.45432;-3.51467e-08;0
-3.47944;-3.52018e-08;0
-3.50401;-3.56304e-08;0
-3.52802;-3.56744e-08;0
-3.55148;-3.60919e-08;0
-3.57437;-3.61247e-08;0
-3.59669;-3.65308e-08;0
-3.61845;-3.65522e-08;0
-3.63963;-3.69469e-08;0
-3.66023;-3.69568e-08;0
-3.68025;-3.73399e-08;0
-3.69969;-3.73382e-08;0
-3.71854;-3.77096e-08;0
-3.73681;-3.76961e-08;0
-3.75448;-3.80556e-08;0
-3.77155;-3.80303e-08;0
-3.78803;-3.83779e-08;0
-3.80391;-3.83405e-08;0
-3.81918;-3.86761e-08;0
-3.83385;-3.86266e-08;0
-3.84791;-3.895e-08;0
-3.86136;-3.88884e-08;0
-3.8742;-3.91996e-08;0
-3.88642;-3.91257e-08;0
-3.89803;-3.94245e-08;0
-3.90902;-3.93383e-08;0
-3.91939;-3.96248e-08;0
-3.92914;-3.95261e-08;0
-3.93826;-3.98002e-08;0
-3.94677;-3.9689e-08;0
-3.95464;-3.99505e-08;0
-3.96189;-3.98269e-08;0
-3.96851;-4.00758e-08;0
-3.9745;-3.99396e-08;0
-3.97986;-4.01759e-08;0
-3.98459;-4.00271e-08;0
-3.98869;-4.02508e-08;0
-3.99216;-4.00893e-08;0
-3.99499;-4.03004e-08;0
-3.99719;-4.01262e-08;0
-3.99876;-4.03246e-08;0
-3.99969;-4.01378e-08;0
-3.99999;-4.03235e-08;0
-3.99965;-4.0124e-08;0
-3.99868;-4.0297e-08;0
-3.99708;-4.00848e-08;0
-3.99484;-4.02451e-08;0
-3.99197;-4.00203e-08;0
-3.98846;-4.01679e-08;0
-3.98432;-3.99304e-08;0
-3.97956;-4.00654e-08;0
-3.97416;-3.98153e-08;0
-3.96813;-3.99377e-08;0
-3.96147;-3.9675e-08;0
-3.95418;-3.97849e-08;0
-3.94627;-3.95096e-08;0
-3.93773;-3.96069e-08;0
-3.92856;-3.93192e-08;0
-3.91878;-3.9404e-08;0
-3.90837;-3.91038e-08;0
-3.89734;-3.91762e-08;0
-3.8857;-3.88637e-08;0
-3.87344;-3.89238e-08;0
-3.86056;-3.85989e-08;0
-3.84707;-3.86467e-08;0
-3.83298;-3.83097e-08;0
-3.81827;-3.83453e-08;0
-3.80296;-3.79962e-08;0
-3.78705;-3.80197e-08;0
-3.77053;-3.76585e-08;0
-3.75342;-3.76701e-08;0
-3.73571;-3.7297e-08;0
-3.71742;-3.72967e-08;0
-3.69853;-3.69118e-08;0
-3.67905;-3.68997e-08;0
-3.65899;-3.65031e-08;0
-3.63836;-3.64794e-08;0
-3.61714;-3.60713e-08;0
-3.59535;-3.60361e-08;0
-3.57299;-3.56165e-08;0
-3.55007;-3.55699e-08;0
-3.52658;-3.51391e-08;0
-3.50253;-3.50813e-08;0
-3.47793;-3.46393e-08;0
-3.45278;-3.45704e-08;0
-3.42708;-3.41175e-08;0
-3.40083;-3.40377e-08;0
-3.37405;-3.35739e-08;0
-3.34673;-3.34834e-08;0
-3.31888;-3.3009e-08;0
-3.2905;-3.29079e-08;0
-3.26161;-3.2423e-08;0
-3.23219;-3.23115e-08;0
-3.20227;-3.18164e-08;0
-3.17183;-3.16947e-08;0
-3.14089;-3.11894e-08;0
-3.10946;-3.10577e-08;0
-3.07753;-3.05425e-08;0
-3.04511;-3.0401e-08;0
-3.01221;-2.98761e-08;0
-2.97884;-2.9725e-08;0
-2.94499;-2.91906e-08;0
-2.91067;-2.90301e-08;0
-2.8759;-2.84864e-08;0
-2.84066;-2.83166e-08;0
-2.80498;-2.77639e-08;0
-2.76885;-2.75852e-08;0
-2.73228;-2.70236e-08;0
-2.69528;-2.68362e-08;0
-2.65786;-2.6266e-08;0
-2.62001;-2.607e-08;0
-2.58174;-2.54914e-08;0
-2.54307;-2.52872e-08;0
-2.50399;-2.47005e-08;0
-2.46452;-2.44882e-08;0
-2.42465;-2.38936e-08;0
-2.3844;-2.36735e-08;0
-2.34377;-2.30712e-08;0
-2.30278;-2.28436e-08;0
-2.26141;-2.22339e-08;0
-2.21969;-2.1999e-08;0
-2.17761;-2.13822e-08;0
-2.1352;-2.11402e-08;0
-2.09244;-2.05165e-08;0
-2.04935;-2.02678e-08;0
-2.00593;-1.96374e-08;0
-1.9622;-1.93821e-08;0
-1.91816;-1.87454e-08;0
-1.87381;-1.84839e-08;0
-1.82916;-1.78411e-08;0
-1.78423;-1.75736e-08;0
-1.73901;-1.69249e-08;0
-1.69351;-1.66517e-08;0
-1.64775;-1.59974e-08;0
-1.60173;-1.57188e-08;0
-1.55545;-1.50592e-08;0
-1.50893;-1.47754e-08;0
-1.46216;-1.41108e-08;0
-1.41517;-1.38221e-08;0
-1.36795;-1.31527e-08;0
-1.32051;-1.28594e-08;0
-1.27287;-1.21855e-08;0
-1.22502;-1.18877e-08;0
-1.17698;-1.12096e-08;0
-1.12875;-1.09078e-08;0
-1.08034;-1.02257e-08;0
-1.03176;-9.9199e-09;0
-0.983021;-9.23407e-09;0
-0.934123;-8.92468e-09;0
-0.885076;-8.23535e-09;0
-0.83589;-7.92255e-09;0
-0.786571;-7.22994e-09;0
-0.737127;-6.91395e-09;0
-0.687566;-6.21825e-09;0
-0.637897;-5.89925e-09;0
-0.588126;-5.20064e-09;0
-0.538262;-4.87878e-09;0
-0.488313;-4.17738e-09;0
-0.438286;-3.85274e-09;0
-0.38819;-3.14858e-09;0
-0.338032;-2.82112e-09;0
-0.287821;-2.11401e-09;0
-0.237563;-1.78325e-09;0
-0.187269;-1.07189e-09;0
-0.136944;-7.33363e-10;0
-0.0865983;-2.86882e-13;0
-0.0362385;4.02753e-10;0
-3.62987e-07;1.09996e-09;0
